,Accuracy,Precision,Recall,F1-Score,AUC-ROC
ANN (MLP),1.0,1.0,1.0,1.0,1.0
K-Nearest Neighbors,1.0,1.0,1.0,1.0,1.0
SVC,1.0,1.0,1.0,1.0,1.0
XGBoost,1.0,1.0,1.0,1.0,1.0
LightGBM,0.9994655264564404,0.9996628455832771,0.9996628455832771,0.9996628455832771,0.9987847668768379
Random Forest,0.9783538214858365,0.9996536196744025,0.9730276466621712,0.9861609431060995,0.9984063371127069
Decision Tree,0.9981293425975414,0.997980477953551,0.9996628455832771,0.9988209533434395,0.9959654434101952
Logistic Regression,0.9556386958845537,0.9933051444679352,0.9504383007417397,0.9713990351481737,0.9866259184850992
