,Accuracy,Precision,Recall,F1-Score,AUC-ROC
LightGBM,0.9995419147961521,0.9974747474747475,1.0,0.9987357774968394,1.0
ANN (MLP),1.0,1.0,1.0,1.0,1.0
K-Nearest Neighbors,1.0,1.0,1.0,1.0,1.0
XGBoost,1.0,1.0,1.0,1.0,1.0
Random Forest,0.9885478699038021,0.9404761904761905,1.0,0.9693251533742331,0.9999320363605471
Decision Tree,0.9995419147961521,1.0,0.9974683544303797,0.9987325728770595,0.9987341772151899
SVC,0.9899221255153459,0.947242206235012,1.0,0.9729064039408867,0.9976000339818197
Logistic Regression,0.9294548786074209,0.722735674676525,0.9898734177215189,0.8354700854700855,0.9820476878203493
